as_of_date,instrument_id,side,category,product_type,segment_id,bucket_type,tenor_days,weight,ticket_balance,ftp_rate_pct,position_rate_pct,ftp_spread_pct,ftp_charge
2025-11-21,S001,asset,security,asset,asset_security,match_funded,310,1.0,525378.36,4.7194,4.1,0.6194,2802.42
2025-11-21,S002,asset,security,asset,asset_security,match_funded,2812,1.0,331264.03,3.55,1.85,1.7,43988.18
2025-11-21,S003,asset,security,asset,asset_security,match_funded,2569,1.0,551892.81,3.55,3.99,-0.44,-17328.82
2025-11-21,S004,asset,security,asset,asset_security,match_funded,628,1.0,683593.97,4.4267,1.36,3.0667,36569.75
2025-11-21,S005,asset,security,asset,asset_security,match_funded,2096,1.0,203285.38,3.6678,2.54,1.1278,13348.07
2025-11-21,S006,asset,security,asset,asset_security,match_funded,2378,1.0,681433.77,3.5894,3.72,-0.1306,-5876.63
2025-11-21,S007,asset,security,asset,asset_security,match_funded,3126,1.0,617020.37,3.55,1.01,2.54,136087.96
2025-11-21,S008,asset,security,asset,asset_security,match_funded,993,1.0,402933.54,4.1604,4.37,-0.2096,-2329.36
2025-11-21,S009,asset,security,asset,asset_security,match_funded,637,1.0,292404.7,4.4192,3.4,1.0192,5273.11
2025-11-21,S010,asset,security,asset,asset_security,match_funded,462,1.0,771996.58,4.565,1.34,3.225,31951.01
2025-11-21,S011,asset,security,asset,asset_security,match_funded,1912,1.0,400746.56,3.7189,2.06,1.6589,35307.95
2025-11-21,S012,asset,security,asset,asset_security,match_funded,674,1.0,254877.83,4.3883,2.75,1.6383,7817.93
2025-11-21,S013,asset,security,asset,asset_security,match_funded,3078,1.0,257252.98,3.55,3.35,0.2,4399.03
2025-11-21,S014,asset,security,asset,asset_security,match_funded,2919,1.0,706363.55,3.55,1.28,2.27,130012.69
2025-11-21,S015,asset,security,asset,asset_security,match_funded,1846,1.0,560542.9,3.7372,1.97,1.7672,50795.97
2025-11-21,S016,asset,security,asset,asset_security,match_funded,400,1.0,682216.81,4.6167,2.64,1.9767,14983.5
2025-11-21,S017,asset,security,asset,asset_security,match_funded,2016,1.0,635918.73,3.69,1.99,1.7,60539.46
2025-11-21,S018,asset,security,asset,asset_security,match_funded,2433,1.0,520166.06,3.5742,2.77,0.8042,28270.12
2025-11-21,S019,asset,security,asset,asset_security,match_funded,1147,1.0,781509.47,4.0628,4.88,-0.8172,-20348.64
2025-11-21,S020,asset,security,asset,asset_security,match_funded,187,1.0,425834.7,4.8903,4.61,0.2803,619.97
2025-11-21,S021,asset,security,asset,asset_security,match_funded,3387,1.0,529625.02,3.55,2.69,0.86,42852.84
2025-11-21,S022,asset,security,asset,asset_security,match_funded,3242,1.0,695542.41,3.55,3.32,0.23,14406.62
2025-11-21,S023,asset,security,asset,asset_security,match_funded,940,1.0,569392.41,4.1972,1.23,2.9672,44115.08
2025-11-21,S024,asset,security,asset,asset_security,match_funded,2550,1.0,714865.4,3.55,4.77,-1.22,-61776.28
2025-11-21,S025,asset,security,asset,asset_security,match_funded,3112,1.0,544766.21,3.55,4.74,-1.19,-56039.49
2025-11-21,S026,asset,security,asset,asset_security,match_funded,476,1.0,620868.21,4.5533,2.83,1.7233,14147.29
2025-11-21,S027,asset,security,asset,asset_security,match_funded,1265,1.0,226809.71,3.9972,1.29,2.7072,21576.13
2025-11-21,S028,asset,security,asset,asset_security,match_funded,2404,1.0,335725.15,3.5822,2.14,1.4422,32333.15
2025-11-21,S029,asset,security,asset,asset_security,match_funded,2896,1.0,372507.88,3.55,3.67,-0.12,-3595.94
2025-11-21,S030,asset,security,asset,asset_security,match_funded,3118,1.0,247128.91,3.55,2.09,1.46,31250.0
2025-11-21,S031,asset,security,asset,asset_security,match_funded,387,1.0,338651.88,4.6275,2.0,2.6275,9565.43
2025-11-21,S032,asset,security,asset,asset_security,match_funded,1251,1.0,259816.27,4.005,4.08,-0.075,-677.15
2025-11-21,S033,asset,security,asset,asset_security,match_funded,3009,1.0,365679.89,3.55,1.45,2.1,64185.96
2025-11-21,S034,asset,security,asset,asset_security,match_funded,1672,1.0,579660.22,3.8033,2.72,1.0833,29165.5
2025-11-21,S035,asset,security,asset,asset_security,match_funded,1843,1.0,417638.13,3.7381,2.41,1.3281,28394.83
2025-11-21,S036,asset,security,asset,asset_security,match_funded,1867,1.0,420837.74,3.7314,4.9,-1.1686,-25505.07
2025-11-21,S037,asset,security,asset,asset_security,match_funded,3499,1.0,324723.62,3.55,4.21,-0.66,-20830.48
2025-11-21,S038,asset,security,asset,asset_security,match_funded,1090,1.0,359102.28,4.0944,4.49,-0.3956,-4300.8
2025-11-21,S039,asset,security,asset,asset_security,match_funded,1811,1.0,759698.62,3.7469,1.89,1.8569,70966.96
2025-11-21,S040,asset,security,asset,asset_security,match_funded,2962,1.0,587048.47,3.55,2.4,1.15,55546.2
2025-11-21,S041,asset,security,asset,asset_security,match_funded,1266,1.0,563776.12,3.9967,1.71,2.2867,45335.74
2025-11-21,S042,asset,security,asset,asset_security,match_funded,652,1.0,301771.9,4.4067,2.75,1.6567,9054.39
2025-11-21,S043,asset,security,asset,asset_security,match_funded,2992,1.0,635556.83,3.55,3.08,0.47,24826.26
2025-11-21,S044,asset,security,asset,asset_security,match_funded,689,1.0,297144.18,4.3758,3.49,0.8858,5037.74
2025-11-21,S045,asset,security,asset,asset_security,match_funded,700,1.0,426385.67,4.3667,2.61,1.7567,14564.23
2025-11-21,S046,asset,security,asset,asset_security,match_funded,2423,1.0,791324.38,3.5769,3.46,0.1169,6228.52
2025-11-21,S047,asset,security,asset,asset_security,match_funded,1054,1.0,582241.61,4.1181,2.86,1.2581,21445.75
2025-11-21,S048,asset,security,asset,asset_security,match_funded,2898,1.0,532561.62,3.55,3.64,-0.09,-3858.41
2025-11-21,S049,asset,security,asset,asset_security,match_funded,994,1.0,608929.71,4.1597,3.69,0.4697,7897.55
2025-11-21,S050,asset,security,asset,asset_security,match_funded,2536,1.0,703586.45,3.55,2.82,0.73,36181.54
2025-11-21,L0001,asset,loan,asset,loan_consumer,match_funded,2778,1.0,512099.62,3.55,5.6,-2.05,-81009.89
2025-11-21,L0003,asset,loan,asset,loan_consumer,match_funded,2715,1.0,508938.13,3.55,5.44,-1.89,-72542.77
2025-11-21,L0005,asset,loan,asset,loan_sme,match_funded,3602,1.0,216007.19,3.55,6.25,-2.7,-58354.34
2025-11-21,L0007,asset,loan,asset,loan_cre,match_funded,671,1.0,425643.71,4.3908,4.04,0.3508,2783.35
2025-11-21,L0008,asset,loan,asset,loan_consumer,match_funded,2223,1.0,323977.63,3.6325,5.85,-2.2175,-44362.46
2025-11-21,L0009,asset,loan,asset,loan_consumer,match_funded,946,1.0,364780.79,4.1931,5.79,-1.5969,-15307.72
2025-11-21,L0012,asset,loan,asset,loan_cre,match_funded,2175,1.0,178435.51,3.6458,6.26,-2.6142,-28181.97
2025-11-21,L0013,asset,loan,asset,loan_sme,match_funded,3108,1.0,324018.65,3.55,5.39,-1.84,-51471.44
2025-11-21,L0014,asset,loan,asset,loan_sme,match_funded,1397,1.0,353235.39,3.9239,4.88,-0.9561,-13105.89
2025-11-21,L0015,asset,loan,asset,loan_sme,match_funded,2487,1.0,365448.5,3.5592,4.57,-1.0108,-25519.9
2025-11-21,L0016,asset,loan,asset,loan_cre,match_funded,3224,1.0,259271.53,3.55,5.08,-1.53,-35525.39
2025-11-21,L0018,asset,loan,asset,loan_sme,match_funded,1483,1.0,314320.64,3.8821,5.32,-1.4379,-18618.52
2025-11-21,L0020,asset,loan,asset,loan_sme,match_funded,1586,1.0,511818.6,3.8392,3.16,0.6792,15314.16
2025-11-21,L0021,asset,loan,asset,loan_consumer,match_funded,3488,1.0,307363.38,3.55,5.06,-1.51,-44967.95
2025-11-21,L0022,asset,loan,asset,loan_sme,match_funded,2046,1.0,518337.21,3.6817,6.06,-2.3783,-70062.92
2025-11-21,L0023,asset,loan,asset,loan_sme,match_funded,1723,1.0,315788.4,3.7821,7.77,-3.9879,-60273.31
2025-11-21,L0024,asset,loan,asset,loan_sme,match_funded,3565,1.0,189780.92,3.55,3.31,0.24,4510.46
2025-11-21,L0025,asset,loan,asset,loan_cre,match_funded,3474,1.0,498404.99,3.55,5.8,-2.25,-108216.18
2025-11-21,L0028,asset,loan,asset,loan_cre,match_funded,1930,1.0,488899.35,3.7139,3.43,0.2839,7440.85
2025-11-21,L0030,asset,loan,asset,loan_sme,match_funded,2235,1.0,461572.4,3.6292,6.54,-2.9108,-83412.7
2025-11-21,L0031,asset,loan,asset,loan_sme,match_funded,3228,1.0,332786.83,3.55,5.85,-2.3,-68631.74
2025-11-21,L0034,asset,loan,asset,loan_cre,match_funded,2573,1.0,433392.12,3.55,3.72,-0.17,-5265.83
2025-11-21,L0036,asset,loan,asset,loan_consumer,match_funded,2561,1.0,267422.67,3.55,4.36,-0.81,-15409.56
2025-11-21,L0037,asset,loan,asset,loan_cre,match_funded,2901,1.0,512260.89,3.55,4.9,-1.35,-55727.58
2025-11-21,L0038,asset,loan,asset,loan_sme,match_funded,549,1.0,155250.84,4.4925,4.74,-0.2475,-585.97
2025-11-21,L0039,asset,loan,asset,loan_cre,match_funded,3110,1.0,186121.72,3.55,5.64,-2.09,-33604.79
2025-11-21,L0040,asset,loan,asset,loan_sme,match_funded,1509,1.0,288158.13,3.8712,7.2,-3.3288,-40206.73
2025-11-21,L0041,asset,loan,asset,loan_sme,match_funded,1494,1.0,186989.42,3.8775,4.31,-0.4325,-3356.23
2025-11-21,L0045,asset,loan,asset,loan_cre,match_funded,624,1.0,324581.59,4.43,5.33,-0.9,-5063.47
2025-11-21,L0047,asset,loan,asset,loan_cre,match_funded,2180,1.0,485835.81,3.6444,6.95,-3.3056,-97249.63
2025-11-21,L0048,asset,loan,asset,loan_sme,match_funded,2537,1.0,290988.69,3.55,7.23,-3.68,-75464.36
2025-11-21,L0049,asset,loan,asset,loan_sme,match_funded,1299,1.0,458110.15,3.9783,5.85,-1.8717,-30938.91
2025-11-21,L0051,asset,loan,asset,loan_cre,match_funded,2642,1.0,128425.86,3.55,6.64,-3.09,-29123.35
2025-11-21,L0052,asset,loan,asset,loan_cre,match_funded,2823,1.0,506825.14,3.55,5.47,-1.92,-76307.59
2025-11-21,L0053,asset,loan,asset,loan_cre,match_funded,2642,1.0,372815.47,3.55,3.9,-0.35,-9576.18
2025-11-21,L0054,asset,loan,asset,loan_consumer,match_funded,1483,1.0,329439.61,3.8821,3.75,0.1321,1792.51
2025-11-21,L0055,asset,loan,asset,loan_cre,match_funded,2957,1.0,534106.8,3.55,3.08,0.47,20619.34
2025-11-21,L0056,asset,loan,asset,loan_cre,match_funded,3319,1.0,251060.75,3.55,4.21,-0.66,-15276.63
2025-11-21,L0057,asset,loan,asset,loan_sme,match_funded,3075,1.0,291212.72,3.55,3.53,0.02,497.49
2025-11-21,L0058,asset,loan,asset,loan_consumer,match_funded,3141,1.0,511652.16,3.55,4.83,-1.28,-57141.31
2025-11-21,L0059,asset,loan,asset,loan_consumer,match_funded,1229,1.0,487082.68,4.0172,2.94,1.0772,17912.55
2025-11-21,L0060,asset,loan,asset,loan_consumer,match_funded,2545,1.0,356350.33,3.55,3.58,-0.03,-755.76
2025-11-21,L0061,asset,loan,asset,loan_cre,match_funded,682,1.0,442659.23,4.3817,3.77,0.6117,5129.4
2025-11-21,L0062,asset,loan,asset,loan_consumer,match_funded,1067,1.0,471324.7,4.109,5.3,-1.191,-16637.33
2025-11-21,L0065,asset,loan,asset,loan_sme,match_funded,3477,1.0,239777.5,3.55,4.99,-1.44,-33348.25
2025-11-21,L0066,asset,loan,asset,loan_consumer,match_funded,643,1.0,333246.02,4.4142,4.36,0.0542,322.41
2025-11-21,L0068,asset,loan,asset,loan_cre,match_funded,3607,1.0,413762.48,3.55,6.4,-2.85,-118151.6
2025-11-21,L0069,asset,loan,asset,loan_consumer,match_funded,617,1.0,470566.32,4.4358,5.31,-0.8742,-7050.14
2025-11-21,L0070,asset,loan,asset,loan_consumer,match_funded,2163,1.0,438066.07,3.6492,5.68,-2.0308,-53452.49
2025-11-21,L0071,asset,loan,asset,loan_cre,match_funded,3015,1.0,489181.81,3.55,4.93,-1.38,-56537.19
2025-11-21,L0072,asset,loan,asset,loan_sme,match_funded,3082,1.0,523912.14,3.55,4.24,-0.69,-30948.36
2025-11-21,L0073,asset,loan,asset,loan_cre,match_funded,3108,1.0,550796.29,3.55,6.42,-2.87,-136474.47
2025-11-21,L0077,asset,loan,asset,loan_sme,match_funded,2864,1.0,411181.37,3.55,6.42,-2.87,-93882.76
2025-11-21,L0078,asset,loan,asset,loan_consumer,match_funded,2700,1.0,156731.61,3.55,6.21,-2.66,-31267.96
2025-11-21,L0080,asset,loan,asset,loan_sme,match_funded,1531,1.0,500758.75,3.8621,7.49,-3.6279,-77260.68
2025-11-21,L0081,asset,loan,asset,loan_consumer,match_funded,473,1.0,199699.22,4.5558,7.25,-2.6942,-7069.02
2025-11-21,L0084,asset,loan,asset,loan_sme,match_funded,1337,1.0,319649.06,3.9572,5.19,-1.2328,-14634.81
2025-11-21,L0085,asset,loan,asset,loan_sme,match_funded,2719,1.0,268149.04,3.55,4.28,-0.73,-14784.47
2025-11-21,L0086,asset,loan,asset,loan_cre,match_funded,714,1.0,506378.39,4.355,5.24,-0.885,-8888.21
2025-11-21,L0088,asset,loan,asset,loan_sme,match_funded,2600,1.0,537825.42,3.55,3.11,0.44,17090.9
2025-11-21,L0091,asset,loan,asset,loan_consumer,match_funded,3408,1.0,326507.38,3.55,7.2,-3.65,-112819.18
2025-11-21,L0092,asset,loan,asset,loan_cre,match_funded,702,1.0,448982.64,4.365,5.75,-1.385,-12125.9
2025-11-21,L0093,asset,loan,asset,loan_sme,match_funded,3071,1.0,142730.73,3.55,3.06,0.49,5966.1
2025-11-21,L0096,asset,loan,asset,loan_consumer,match_funded,496,1.0,149995.63,4.5367,7.11,-2.5733,-5318.07
2025-11-21,L0098,asset,loan,asset,loan_cre,match_funded,1430,1.0,137533.45,3.9056,3.69,0.2156,1177.61
2025-11-21,L0099,asset,loan,asset,loan_consumer,match_funded,3285,1.0,133478.38,3.55,4.03,-0.48,-5846.35
2025-11-21,L0101,asset,loan,asset,loan_cre,match_funded,1333,1.0,488620.74,3.9594,5.7,-1.7406,-31491.07
2025-11-21,L0102,asset,loan,asset,loan_cre,match_funded,1994,1.0,392873.14,3.6961,2.94,0.7561,16453.59
2025-11-21,L0106,asset,loan,asset,loan_cre,match_funded,480,1.0,536310.68,4.55,4.99,-0.44,-3146.36
2025-11-21,L0107,asset,loan,asset,loan_sme,match_funded,2598,1.0,324190.36,3.55,7.51,-3.96,-92647.12
2025-11-21,L0108,asset,loan,asset,loan_cre,match_funded,2066,1.0,232442.79,3.6761,3.07,0.6061,8085.3
2025-11-21,L0110,asset,loan,asset,loan_sme,match_funded,1552,1.0,386087.12,3.8533,3.31,0.5433,9043.59
2025-11-21,L0111,asset,loan,asset,loan_consumer,match_funded,2404,1.0,543331.68,3.5822,5.56,-1.9778,-71758.69
2025-11-21,L0112,asset,loan,asset,loan_cre,match_funded,1809,1.0,435506.79,3.7475,4.18,-0.4325,-9464.92
2025-11-21,L0113,asset,loan,asset,loan_consumer,match_funded,1447,1.0,461623.84,3.8971,4.14,-0.2429,-4507.25
2025-11-21,L0114,asset,loan,asset,loan_cre,match_funded,665,1.0,191805.75,4.3958,5.81,-1.4142,-5010.5
2025-11-21,L0117,asset,loan,asset,loan_consumer,match_funded,2889,1.0,528018.8,3.55,4.31,-0.76,-32203.87
2025-11-21,L0118,asset,loan,asset,loan_sme,match_funded,1872,1.0,372862.22,3.73,7.18,-3.45,-66891.48
2025-11-21,L0121,asset,loan,asset,loan_cre,match_funded,2055,1.0,533548.27,3.6792,5.16,-1.4808,-45101.32
2025-11-21,L0123,asset,loan,asset,loan_consumer,match_funded,1373,1.0,380025.34,3.9372,5.35,-1.4128,-20476.44
2025-11-21,L0124,asset,loan,asset,loan_consumer,match_funded,2659,1.0,484816.55,3.55,5.36,-1.81,-64814.45
2025-11-21,L0125,asset,loan,asset,loan_consumer,match_funded,3530,1.0,226557.0,3.55,6.78,-3.23,-71755.01
2025-11-21,L0126,asset,loan,asset,loan_consumer,match_funded,2570,1.0,426206.71,3.55,5.39,-1.84,-55984.62
2025-11-21,L0128,asset,loan,asset,loan_sme,match_funded,2618,1.0,420523.21,3.55,3.02,0.53,16208.13
2025-11-21,L0133,asset,loan,asset,loan_cre,match_funded,2980,1.0,353944.34,3.55,5.02,-1.47,-43069.13
2025-11-21,L0134,asset,loan,asset,loan_sme,match_funded,1380,1.0,410531.71,3.9333,4.44,-0.5067,-7973.44
2025-11-21,L0135,asset,loan,asset,loan_sme,match_funded,3201,1.0,150144.32,3.55,5.59,-2.04,-27234.68
2025-11-21,L0139,asset,loan,asset,loan_cre,match_funded,2495,1.0,335249.67,3.5569,4.12,-0.5631,-13082.41
2025-11-21,L0140,asset,loan,asset,loan_sme,match_funded,2065,1.0,310343.84,3.6764,5.02,-1.3436,-23918.52
2025-11-21,L0141,asset,loan,asset,loan_sme,match_funded,3418,1.0,278997.33,3.55,6.05,-2.5,-66223.12
2025-11-21,L0142,asset,loan,asset,loan_sme,match_funded,2038,1.0,511622.93,3.6839,4.81,-1.1261,-32616.17
2025-11-21,L0143,asset,loan,asset,loan_consumer,match_funded,3074,1.0,321863.77,3.55,4.76,-1.21,-33255.14
2025-11-21,L0144,asset,loan,asset,loan_cre,match_funded,3461,1.0,187071.1,3.55,5.94,-2.39,-42983.69
2025-11-21,L0147,asset,loan,asset,loan_consumer,match_funded,3542,1.0,405669.95,3.55,5.67,-2.12,-84616.44
2025-11-21,L0148,asset,loan,asset,loan_sme,match_funded,950,1.0,390490.01,4.1903,4.42,-0.2297,-2367.2
2025-11-21,L0149,asset,loan,asset,loan_sme,match_funded,556,1.0,523945.55,4.4867,6.15,-1.6633,-13459.77
2025-11-21,L0151,asset,loan,asset,loan_consumer,match_funded,913,1.0,324119.96,4.216,6.1,-1.884,-15486.79
2025-11-21,L0154,asset,loan,asset,loan_sme,match_funded,2625,1.0,261471.56,3.55,7.08,-3.53,-67301.69
2025-11-21,L0155,asset,loan,asset,loan_sme,match_funded,2272,1.0,227719.63,3.6189,7.57,-3.9511,-56783.94
2025-11-21,L0156,asset,loan,asset,loan_cre,match_funded,1270,1.0,530538.78,3.9944,4.55,-0.5556,-10397.91
2025-11-21,L0157,asset,loan,asset,loan_consumer,match_funded,2697,1.0,242410.94,3.55,4.67,-1.12,-20339.89
2025-11-21,L0158,asset,loan,asset,loan_sme,match_funded,1806,1.0,317936.48,3.7483,5.36,-1.6117,-25705.78
2025-11-21,L0160,asset,loan,asset,loan_sme,match_funded,2976,1.0,370248.93,3.55,4.39,-0.84,-25710.09
2025-11-21,L0162,asset,loan,asset,loan_consumer,match_funded,1150,1.0,267663.95,4.0611,5.43,-1.3689,-11704.51
2025-11-21,L0165,asset,loan,asset,loan_cre,match_funded,1305,1.0,334084.42,3.975,7.76,-3.785,-45838.47
2025-11-21,L0167,asset,loan,asset,loan_sme,match_funded,1957,1.0,233369.41,3.7064,5.23,-1.5236,-19328.87
2025-11-21,L0168,asset,loan,asset,loan_cre,match_funded,1314,1.0,242731.83,3.97,2.86,1.11,9834.28
2025-11-21,L0172,asset,loan,asset,loan_cre,match_funded,471,1.0,346861.7,4.5575,6.14,-1.5825,-7181.55
2025-11-21,L0174,asset,loan,asset,loan_sme,match_funded,1463,1.0,225900.8,3.8904,3.82,0.0704,646.45
2025-11-21,L0175,asset,loan,asset,loan_cre,match_funded,1374,1.0,298437.51,3.9367,4.9,-0.9633,-10972.72
2025-11-21,L0176,asset,loan,asset,loan_consumer,match_funded,1724,1.0,363801.06,3.7817,5.18,-1.3983,-24361.8
2025-11-21,L0177,asset,loan,asset,loan_sme,match_funded,3211,1.0,225447.26,3.55,4.79,-1.24,-24934.72
2025-11-21,L0178,asset,loan,asset,loan_cre,match_funded,3582,1.0,329050.01,3.55,5.09,-1.54,-50420.33
2025-11-21,L0180,asset,loan,asset,loan_sme,match_funded,3061,1.0,316781.91,3.55,4.58,-1.03,-27743.32
2025-11-21,L0181,asset,loan,asset,loan_consumer,match_funded,3197,1.0,127420.15,3.55,7.66,-4.11,-46507.19
2025-11-21,L0182,asset,loan,asset,loan_sme,match_funded,545,1.0,249137.36,4.4958,5.09,-0.5942,-2241.0
2025-11-21,L0183,asset,loan,asset,loan_cre,match_funded,2455,1.0,297546.8,3.5681,3.58,-0.0119,-242.37
2025-11-21,L0185,asset,loan,asset,loan_sme,match_funded,2498,1.0,411603.33,3.5561,6.98,-3.4239,-97788.66
2025-11-21,L0187,asset,loan,asset,loan_sme,match_funded,2110,1.0,363052.61,3.6639,4.1,-0.4361,-9279.97
2025-11-21,L0189,asset,loan,asset,loan_sme,match_funded,2563,1.0,557787.31,3.55,5.22,-1.67,-66317.97
2025-11-21,L0190,asset,loan,asset,loan_sme,match_funded,2768,1.0,361697.21,3.55,6.11,-2.56,-71194.87
2025-11-21,L0195,asset,loan,asset,loan_sme,match_funded,1546,1.0,436793.03,3.8558,4.37,-0.5142,-9644.65
2025-11-21,L0196,asset,loan,asset,loan_cre,match_funded,3463,1.0,258502.53,3.55,5.8,-2.25,-55949.64
2025-11-21,L0199,asset,loan,asset,loan_cre,match_funded,1562,1.0,423117.8,3.8492,6.89,-3.0408,-55825.48
2025-11-21,D0003,liability,deposit,deposit,unassigned,match_funded,708,1.0,-223146.57,4.36,1.67,2.69,-11805.2
2025-11-21,D0005,liability,deposit,deposit,unassigned,match_funded,839,1.0,-122770.46,4.2674,1.31,2.9574,-8461.7
2025-11-21,D0006,liability,deposit,deposit,td_corp,match_funded,351,1.0,-253458.75,4.6625,1.13,3.5325,-8729.59
2025-11-21,D0007,liability,deposit,deposit,td_corp,match_funded,385,1.0,-248785.34,4.6292,2.27,2.3592,-6276.85
2025-11-21,D0008,liability,deposit,deposit,unassigned,match_funded,486,1.0,-182261.26,4.545,2.75,1.795,-4416.65
2025-11-21,D0009,liability,deposit,deposit,unassigned,match_funded,1,1.0,-245317.34,5.3,1.07,4.23,-28.82
2025-11-21,D0010,liability,deposit,deposit,unassigned,match_funded,481,1.0,-235303.52,4.5492,2.11,2.4392,-7668.54
2025-11-21,D0011,liability,deposit,deposit,unassigned,match_funded,1,1.0,-268492.32,5.3,0.49,4.81,-35.87
2025-11-21,D0012,liability,deposit,deposit,unassigned,match_funded,1,1.0,-191683.71,5.3,2.24,3.06,-16.29
2025-11-21,D0015,liability,deposit,deposit,unassigned,match_funded,1,1.0,-266963.93,5.3,0.6,4.7,-34.85
2025-11-21,D0016,liability,deposit,deposit,unassigned,match_funded,366,1.0,-263012.75,4.645,1.51,3.135,-8382.87
2025-11-21,D0018,liability,deposit,deposit,unassigned,match_funded,1,1.0,-285727.55,5.3,1.38,3.92,-31.11
2025-11-21,D0021,liability,deposit,deposit,unassigned,match_funded,579,1.0,-263546.88,4.4675,0.92,3.5475,-15036.83
2025-11-21,D0023,liability,deposit,deposit,unassigned,match_funded,886,1.0,-181328.03,4.2347,2.86,1.3747,-6134.95
2025-11-21,D0024,liability,deposit,deposit,unassigned,match_funded,1,1.0,-284996.63,5.3,3.09,2.21,-17.5
2025-11-21,D0026,liability,deposit,deposit,unassigned,match_funded,1,1.0,-198956.95,5.3,0.27,5.03,-27.8
2025-11-21,D0027,liability,deposit,deposit,unassigned,match_funded,842,1.0,-167724.42,4.2653,1.36,2.9053,-11397.08
2025-11-21,D0028,liability,deposit,deposit,td_corp,match_funded,54,1.0,-160586.99,5.14,1.6,3.54,-852.72
2025-11-21,D0029,liability,deposit,deposit,unassigned,match_funded,1,1.0,-208515.84,5.3,2.74,2.56,-14.83
2025-11-21,D0030,liability,deposit,deposit,unassigned,match_funded,614,1.0,-132780.5,4.4383,2.73,1.7083,-3868.77
2025-11-21,D0031,liability,deposit,deposit,unassigned,match_funded,1023,1.0,-263967.86,4.1396,0.92,3.2196,-24150.37
2025-11-21,D0033,liability,deposit,deposit,unassigned,match_funded,1,1.0,-271552.38,5.3,0.07,5.23,-39.45
2025-11-21,D0035,liability,deposit,deposit,unassigned,match_funded,1,1.0,-117395.7,5.3,1.7,3.6,-11.74
2025-11-21,D0036,liability,deposit,deposit,unassigned,match_funded,1,1.0,-222849.73,5.3,2.98,2.32,-14.36
2025-11-21,D0037,liability,deposit,deposit,unassigned,match_funded,1,1.0,-261110.79,5.3,2.47,2.83,-20.53
2025-11-21,D0038,liability,deposit,deposit,unassigned,match_funded,1000,1.0,-112004.92,4.1556,0.62,3.5356,-10999.99
2025-11-21,D0039,liability,deposit,deposit,td_corp,match_funded,558,1.0,-277963.95,4.485,0.57,3.915,-16867.55
2025-11-21,D0040,liability,deposit,deposit,unassigned,match_funded,1,1.0,-137758.31,5.3,1.0,4.3,-16.45
2025-11-21,D0041,liability,deposit,deposit,unassigned,match_funded,1,1.0,-192014.94,5.3,2.28,3.02,-16.11
2025-11-21,D0042,liability,deposit,deposit,td_corp,match_funded,654,1.0,-289305.7,4.405,2.13,2.275,-11956.76
2025-11-21,D0044,liability,deposit,deposit,unassigned,match_funded,1076,1.0,-290006.47,4.1028,0.36,3.7428,-32442.29
2025-11-21,D0046,liability,deposit,deposit,unassigned,match_funded,1,1.0,-269370.21,5.3,2.3,3.0,-22.45
2025-11-21,D0047,liability,deposit,deposit,td_corp,match_funded,315,1.0,-163907.88,4.7125,2.31,2.4025,-3445.65
2025-11-21,D0049,liability,deposit,deposit,td_corp,match_funded,484,1.0,-268361.04,4.5467,2.54,2.0067,-7239.98
2025-11-21,D0050,liability,deposit,deposit,unassigned,match_funded,763,1.0,-126009.8,4.3201,3.17,1.1501,-3071.68
2025-11-21,D0051,liability,deposit,deposit,unassigned,match_funded,1,1.0,-174552.56,5.3,3.07,2.23,-10.81
2025-11-21,D0053,liability,deposit,deposit,unassigned,match_funded,1,1.0,-229815.82,5.3,1.03,4.27,-27.26
2025-11-21,D0054,liability,deposit,deposit,unassigned,match_funded,810,1.0,-226981.06,4.2875,0.42,3.8675,-19751.61
2025-11-21,D0057,liability,deposit,deposit,unassigned,match_funded,374,1.0,-240989.31,4.6383,2.66,1.9783,-4952.98
2025-11-21,D0059,liability,deposit,deposit,unassigned,match_funded,1,1.0,-187055.68,5.3,0.7,4.6,-23.9
2025-11-21,D0060,liability,deposit,deposit,unassigned,match_funded,1,1.0,-125620.72,5.3,0.79,4.51,-15.74
2025-11-21,D0061,liability,deposit,deposit,td_corp,match_funded,962,1.0,-126344.87,4.1819,3.32,0.8619,-2910.11
2025-11-21,D0063,liability,deposit,deposit,unassigned,match_funded,1,1.0,-123210.72,5.3,0.8,4.5,-15.4
2025-11-21,D0064,liability,deposit,deposit,unassigned,match_funded,552,1.0,-216943.08,4.49,3.07,1.42,-4723.57
2025-11-21,D0065,liability,deposit,deposit,unassigned,match_funded,250,1.0,-203451.33,4.8028,3.48,1.3228,-1868.9
2025-11-21,D0066,liability,deposit,deposit,unassigned,match_funded,1,1.0,-189933.75,5.3,2.41,2.89,-15.25
2025-11-21,D0067,liability,deposit,deposit,td_corp,match_funded,890,1.0,-110511.21,4.2319,0.03,4.2019,-11480.06
2025-11-21,D0068,liability,deposit,deposit,unassigned,match_funded,1,1.0,-171488.14,5.3,0.94,4.36,-20.77
2025-11-21,D0069,liability,deposit,deposit,unassigned,match_funded,567,1.0,-130962.99,4.4775,0.7,3.7775,-7791.72
2025-11-21,D0071,liability,deposit,deposit,unassigned,match_funded,1,1.0,-235181.28,5.3,2.92,2.38,-15.55
2025-11-21,D0072,liability,deposit,deposit,unassigned,match_funded,1,1.0,-195864.64,5.3,1.6,3.7,-20.13
2025-11-21,D0075,liability,deposit,deposit,unassigned,match_funded,892,1.0,-255523.03,4.2306,2.98,1.2506,-7917.63
2025-11-21,D0076,liability,deposit,deposit,unassigned,match_funded,1,1.0,-127802.06,5.3,0.46,4.84,-17.18
2025-11-21,D0077,liability,deposit,deposit,td_corp,match_funded,763,1.0,-175847.71,4.3201,1.33,2.9901,-11144.23
2025-11-21,D0079,liability,deposit,deposit,unassigned,match_funded,487,1.0,-178602.82,4.5442,2.47,2.0742,-5011.39
2025-11-21,D0080,liability,deposit,deposit,unassigned,match_funded,1,1.0,-256869.94,5.3,1.83,3.47,-24.76
2025-11-21,D0081,liability,deposit,deposit,unassigned,match_funded,350,1.0,-267979.79,4.6639,2.25,2.4139,-6289.05
2025-11-21,D0084,liability,deposit,deposit,unassigned,match_funded,1,1.0,-121479.23,5.3,2.61,2.69,-9.08
2025-11-21,D0085,liability,deposit,deposit,td_corp,match_funded,1070,1.0,-211420.21,4.1069,2.23,1.8769,-11794.49
2025-11-21,D0088,liability,deposit,deposit,unassigned,match_funded,1,1.0,-172871.86,5.3,1.83,3.47,-16.66
2025-11-21,D0089,liability,deposit,deposit,unassigned,match_funded,419,1.0,-147767.26,4.6008,0.75,3.8508,-6622.84
2025-11-21,D0090,liability,deposit,deposit,unassigned,match_funded,1,1.0,-245038.63,5.3,1.45,3.85,-26.21
2025-11-21,D0091,liability,deposit,deposit,td_corp,match_funded,915,1.0,-276230.35,4.2146,1.94,2.2746,-15969.52
2025-11-21,D0092,liability,deposit,deposit,unassigned,match_funded,391,1.0,-221013.49,4.6242,3.22,1.4042,-3370.63
2025-11-21,D0094,liability,deposit,deposit,unassigned,match_funded,1,1.0,-148528.63,5.3,1.39,3.91,-16.13
2025-11-21,D0095,liability,deposit,deposit,td_corp,match_funded,671,1.0,-271995.52,4.3908,2.95,1.4408,-7304.58
2025-11-21,D0096,liability,deposit,deposit,unassigned,match_funded,458,1.0,-134492.32,4.5683,0.76,3.8083,-6516.22
2025-11-21,D0097,liability,deposit,deposit,unassigned,match_funded,300,1.0,-131428.87,4.7333,1.21,3.5233,-3858.9
2025-11-21,D0098,liability,deposit,deposit,unassigned,match_funded,689,1.0,-241720.06,4.3758,1.9,2.4758,-11453.83
2025-11-21,D0099,liability,deposit,deposit,td_corp,match_funded,883,1.0,-172935.09,4.2368,1.68,2.5568,-10845.24
2025-11-21,D0100,liability,deposit,deposit,unassigned,match_funded,1,1.0,-187084.36,5.3,3.07,2.23,-11.59
2025-11-21,D0101,liability,deposit,deposit,unassigned,match_funded,1,1.0,-252818.66,5.3,2.39,2.91,-20.44
2025-11-21,D0102,liability,deposit,deposit,td_corp,match_funded,488,1.0,-154079.37,4.5433,2.59,1.9533,-4079.79
2025-11-21,D0103,liability,deposit,deposit,unassigned,match_funded,618,1.0,-226201.27,4.435,0.83,3.605,-13998.65
2025-11-21,D0104,liability,deposit,deposit,unassigned,match_funded,669,1.0,-154148.55,4.3925,1.36,3.0325,-8686.88
2025-11-21,D0110,liability,deposit,deposit,td_corp,match_funded,1001,1.0,-262995.07,4.1549,2.16,1.9949,-14587.87
2025-11-21,D0111,liability,deposit,deposit,unassigned,match_funded,1,1.0,-268221.49,5.3,0.4,4.9,-36.51
2025-11-21,D0113,liability,deposit,deposit,unassigned,match_funded,1,1.0,-219350.7,5.3,2.81,2.49,-15.17
2025-11-21,D0114,liability,deposit,deposit,unassigned,match_funded,44,1.0,-143331.11,5.165,1.88,3.285,-575.47
2025-11-21,D0115,liability,deposit,deposit,unassigned,match_funded,465,1.0,-180243.96,4.5625,2.2,2.3625,-5500.26
2025-11-21,D0116,liability,deposit,deposit,unassigned,match_funded,920,1.0,-226482.82,4.2111,1.88,2.3311,-13492.22
2025-11-21,D0119,liability,deposit,deposit,unassigned,match_funded,158,1.0,-152544.49,4.9367,0.02,4.9167,-3291.71
2025-11-21,D0120,liability,deposit,deposit,unassigned,match_funded,761,1.0,-179177.95,4.3215,2.97,1.3515,-5119.08
2025-11-21,D0121,liability,deposit,deposit,unassigned,match_funded,1,1.0,-152860.85,5.3,1.05,4.25,-18.05
2025-11-21,D0122,liability,deposit,deposit,unassigned,match_funded,633,1.0,-225012.99,4.4225,2.79,1.6325,-6458.95
2025-11-21,D0123,liability,deposit,deposit,unassigned,match_funded,1,1.0,-121951.84,5.3,3.1,2.2,-7.45
2025-11-21,D0125,liability,deposit,deposit,td_corp,match_funded,140,1.0,-111238.99,4.9667,0.4,4.5667,-1975.52
2025-11-21,D0126,liability,deposit,deposit,unassigned,match_funded,1,1.0,-174673.02,5.3,0.26,5.04,-24.45
2025-11-21,D0127,liability,deposit,deposit,unassigned,match_funded,612,1.0,-166562.63,4.44,0.82,3.62,-10250.26
2025-11-21,D0128,liability,deposit,deposit,unassigned,match_funded,701,1.0,-179351.1,4.3658,1.7,2.6658,-9310.06
2025-11-21,D0129,liability,deposit,deposit,unassigned,match_funded,1,1.0,-261523.55,5.3,2.04,3.26,-23.68
2025-11-21,D0130,liability,deposit,deposit,unassigned,match_funded,1,1.0,-185534.96,5.3,0.97,4.33,-22.32
2025-11-21,D0131,liability,deposit,deposit,unassigned,match_funded,1,1.0,-208342.39,5.3,0.62,4.68,-27.08
2025-11-21,D0132,liability,deposit,deposit,td_corp,match_funded,1067,1.0,-140445.71,4.109,3.12,0.989,-4116.98
2025-11-21,D0135,liability,deposit,deposit,unassigned,match_funded,1,1.0,-122311.66,5.3,2.39,2.91,-9.89
2025-11-21,D0136,liability,deposit,deposit,unassigned,match_funded,1,1.0,-215795.19,5.3,1.69,3.61,-21.64
2025-11-21,D0137,liability,deposit,deposit,unassigned,match_funded,1,1.0,-111552.75,5.3,1.81,3.49,-10.81
2025-11-21,D0138,liability,deposit,deposit,td_corp,match_funded,589,1.0,-148255.69,4.4592,2.22,2.2392,-5431.38
2025-11-21,D0139,liability,deposit,deposit,unassigned,match_funded,800,1.0,-276718.36,4.2944,2.0,2.2944,-14109.22
2025-11-21,D0140,liability,deposit,deposit,unassigned,match_funded,188,1.0,-281461.99,4.8889,2.29,2.5989,-3820.0
2025-11-21,D0142,liability,deposit,deposit,unassigned,match_funded,1,1.0,-161113.09,5.3,0.27,5.03,-22.51
2025-11-21,D0144,liability,deposit,deposit,unassigned,match_funded,1,1.0,-248462.88,5.3,0.45,4.85,-33.47
2025-11-21,D0145,liability,deposit,deposit,td_corp,match_funded,67,1.0,-186027.79,5.1075,2.1,3.0075,-1041.25
2025-11-21,D0146,liability,deposit,deposit,unassigned,match_funded,1,1.0,-182157.06,5.3,3.32,1.98,-10.02
2025-11-21,D0147,liability,deposit,deposit,unassigned,match_funded,1,1.0,-225459.16,5.3,0.64,4.66,-29.18
2025-11-21,D0148,liability,deposit,deposit,unassigned,match_funded,1,1.0,-206761.07,5.3,1.35,3.95,-22.69
2025-11-21,D0149,liability,deposit,deposit,unassigned,match_funded,108,1.0,-136794.52,5.02,1.67,3.35,-1374.78
2025-11-21,D0150,liability,deposit,deposit,unassigned,match_funded,295,1.0,-124239.09,4.7403,1.69,3.0503,-3105.4
2025-11-21,D0151,liability,deposit,deposit,unassigned,match_funded,912,1.0,-123407.52,4.2167,2.37,1.8467,-5773.28
2025-11-21,D0152,liability,deposit,deposit,unassigned,match_funded,1,1.0,-276417.68,5.3,2.44,2.86,-21.96
2025-11-21,D0154,liability,deposit,deposit,unassigned,match_funded,43,1.0,-137284.62,5.1675,0.02,5.1475,-844.08
2025-11-21,D0155,liability,deposit,deposit,unassigned,match_funded,449,1.0,-168430.52,4.5758,0.03,4.5458,-9549.45
2025-11-21,D0156,liability,deposit,deposit,unassigned,match_funded,1,1.0,-215626.83,5.3,1.27,4.03,-24.14
2025-11-21,D0157,liability,deposit,deposit,td_corp,match_funded,875,1.0,-247756.65,4.2424,2.64,1.6024,-9649.2
2025-11-21,D0159,liability,deposit,deposit,unassigned,match_funded,1,1.0,-225934.83,5.3,0.8,4.5,-28.24
2025-11-21,D0161,liability,deposit,deposit,unassigned,match_funded,1,1.0,-188555.99,5.3,2.13,3.17,-16.6
2025-11-21,D0162,liability,deposit,deposit,td_corp,match_funded,442,1.0,-282324.9,4.5817,1.54,3.0417,-10543.4
2025-11-21,D0163,liability,deposit,deposit,unassigned,match_funded,1074,1.0,-152416.6,4.1042,0.68,3.4242,-15570.01
2025-11-21,D0165,liability,deposit,deposit,td_corp,match_funded,439,1.0,-277090.66,4.5842,1.38,3.2042,-10826.77
2025-11-21,D0166,liability,deposit,deposit,td_corp,match_funded,213,1.0,-130125.66,4.8542,0.24,4.6142,-3552.49
2025-11-21,D0168,liability,deposit,deposit,td_corp,match_funded,247,1.0,-119046.97,4.8069,1.42,3.3869,-2766.44
2025-11-21,D0169,liability,deposit,deposit,td_corp,match_funded,268,1.0,-230101.3,4.7778,1.19,3.5878,-6145.78
2025-11-21,D0170,liability,deposit,deposit,unassigned,match_funded,1,1.0,-228642.4,5.3,0.88,4.42,-28.07
2025-11-21,D0172,liability,deposit,deposit,unassigned,match_funded,48,1.0,-111347.66,5.155,1.81,3.345,-496.61
2025-11-21,D0173,liability,deposit,deposit,unassigned,match_funded,846,1.0,-133983.2,4.2625,1.01,3.2525,-10240.84
2025-11-21,D0175,liability,deposit,deposit,unassigned,match_funded,509,1.0,-199265.54,4.5258,2.58,1.9458,-5482.18
2025-11-21,D0176,liability,deposit,deposit,unassigned,match_funded,540,1.0,-172057.18,4.5,0.8,3.7,-9549.17
2025-11-21,D0177,liability,deposit,deposit,unassigned,match_funded,189,1.0,-203047.6,4.8875,0.37,4.5175,-4815.65
2025-11-21,D0180,liability,deposit,deposit,unassigned,match_funded,1,1.0,-176630.62,5.3,0.11,5.19,-25.46
2025-11-21,D0181,liability,deposit,deposit,unassigned,match_funded,806,1.0,-245312.62,4.2903,2.36,1.9303,-10601.62
2025-11-21,D0184,liability,deposit,deposit,unassigned,match_funded,511,1.0,-130501.89,4.5242,2.52,2.0042,-3712.52
2025-11-21,D0185,liability,deposit,deposit,unassigned,match_funded,1,1.0,-272596.09,5.3,0.51,4.79,-36.27
2025-11-21,D0187,liability,deposit,deposit,unassigned,match_funded,1004,1.0,-187072.69,4.1528,2.85,1.3028,-6796.92
2025-11-21,D0192,liability,deposit,deposit,unassigned,match_funded,1,1.0,-199217.32,5.3,2.05,3.25,-17.98
2025-11-21,D0195,liability,deposit,deposit,unassigned,match_funded,936,1.0,-265228.65,4.2,2.58,1.62,-11171.43
2025-11-21,D0196,liability,deposit,deposit,unassigned,match_funded,1,1.0,-139375.44,5.3,2.93,2.37,-9.18
2025-11-21,D0197,liability,deposit,deposit,unassigned,match_funded,305,1.0,-137635.9,4.7264,1.92,2.8064,-3272.48
2025-11-21,D0198,liability,deposit,deposit,td_corp,match_funded,919,1.0,-249593.14,4.2118,2.09,2.1218,-13519.21
2025-11-21,D0202,liability,deposit,deposit,unassigned,match_funded,1,1.0,-243677.58,5.3,0.87,4.43,-29.99
2025-11-21,D0203,liability,deposit,deposit,td_corp,match_funded,612,1.0,-109512.7,4.44,2.4,2.04,-3797.9
2025-11-21,D0205,liability,deposit,deposit,unassigned,match_funded,1,1.0,-111279.17,5.3,1.12,4.18,-12.92
2025-11-21,D0208,liability,deposit,deposit,unassigned,match_funded,278,1.0,-276290.77,4.7639,2.9,1.8639,-3976.75
2025-11-21,D0209,liability,deposit,deposit,unassigned,match_funded,535,1.0,-141570.82,4.5042,3.41,1.0942,-2302.02
2025-11-21,D0210,liability,deposit,deposit,unassigned,match_funded,221,1.0,-283581.5,4.8431,2.57,2.2731,-3957.11
2025-11-21,D0213,liability,deposit,deposit,unassigned,match_funded,594,1.0,-238814.28,4.455,0.59,3.865,-15229.78
2025-11-21,D0214,liability,deposit,deposit,td_corp,match_funded,115,1.0,-228215.48,5.0083,0.03,4.9783,-3629.31
2025-11-21,D0215,liability,deposit,deposit,unassigned,match_funded,1,1.0,-149850.01,5.3,2.41,2.89,-12.03
2025-11-21,D0216,liability,deposit,deposit,unassigned,match_funded,344,1.0,-154166.03,4.6722,0.21,4.4622,-6573.49
2025-11-21,D0217,liability,deposit,deposit,td_corp,match_funded,677,1.0,-275496.23,4.3858,1.71,2.6758,-13863.12
2025-11-21,D0218,liability,deposit,deposit,unassigned,match_funded,927,1.0,-167191.91,4.2062,1.22,2.9863,-12856.38
2025-11-21,D0219,liability,deposit,deposit,unassigned,match_funded,1,1.0,-259165.19,5.3,1.32,3.98,-28.65
2025-11-21,D0220,liability,deposit,deposit,unassigned,match_funded,1,1.0,-212918.64,5.3,0.65,4.65,-27.5
2025-11-21,D0221,liability,deposit,deposit,unassigned,match_funded,568,1.0,-130746.19,4.4767,1.57,2.9067,-5996.12
2025-11-21,D0222,liability,deposit,deposit,unassigned,match_funded,1,1.0,-231418.23,5.3,2.72,2.58,-16.58
2025-11-21,D0224,liability,deposit,deposit,unassigned,match_funded,1,1.0,-149608.25,5.3,0.34,4.96,-20.61
2025-11-21,D0225,liability,deposit,deposit,td_corp,match_funded,824,1.0,-202784.31,4.2778,2.25,2.0278,-9411.95
2025-11-21,D0227,liability,deposit,deposit,unassigned,match_funded,1,1.0,-181911.24,5.3,1.64,3.66,-18.49
2025-11-21,D0228,liability,deposit,deposit,unassigned,match_funded,1,1.0,-268433.05,5.3,2.92,2.38,-17.75
2025-11-21,D0229,liability,deposit,deposit,td_corp,match_funded,395,1.0,-266441.32,4.6208,2.0,2.6208,-7661.88
2025-11-21,D0230,liability,deposit,deposit,td_corp,match_funded,762,1.0,-249629.22,4.3208,2.61,1.7108,-9039.73
2025-11-21,D0232,liability,deposit,deposit,unassigned,match_funded,1,1.0,-124745.87,5.3,3.16,2.14,-7.42
2025-11-21,D0233,liability,deposit,deposit,unassigned,match_funded,1,1.0,-192056.38,5.3,0.75,4.55,-24.27
2025-11-21,D0234,liability,deposit,deposit,unassigned,match_funded,1,1.0,-176094.46,5.3,1.81,3.49,-17.07
2025-11-21,D0235,liability,deposit,deposit,td_corp,match_funded,1076,1.0,-162041.3,4.1028,3.22,0.8828,-4275.5
2025-11-21,D0237,liability,deposit,deposit,td_corp,match_funded,474,1.0,-243458.76,4.555,2.0,2.555,-8190.16
2025-11-21,D0238,liability,deposit,deposit,unassigned,match_funded,1,1.0,-153133.87,5.3,2.78,2.52,-10.72
2025-11-21,D0239,liability,deposit,deposit,unassigned,match_funded,1,1.0,-175977.1,5.3,0.2,5.1,-24.93
2025-11-21,D0240,liability,deposit,deposit,unassigned,match_funded,1,1.0,-285674.38,5.3,2.22,3.08,-24.44
2025-11-21,D0241,liability,deposit,deposit,unassigned,match_funded,1,1.0,-290386.87,5.3,0.54,4.76,-38.4
2025-11-21,D0242,liability,deposit,deposit,unassigned,match_funded,129,1.0,-250057.85,4.985,2.0,2.985,-2674.68
2025-11-21,D0243,liability,deposit,deposit,unassigned,match_funded,918,1.0,-242166.09,4.2125,1.39,2.8225,-17429.6
2025-11-21,D0246,liability,deposit,deposit,unassigned,match_funded,745,1.0,-136410.3,4.3326,1.07,3.2626,-9210.22
2025-11-21,D0247,liability,deposit,deposit,unassigned,match_funded,1,1.0,-278502.76,5.3,0.51,4.79,-37.06
2025-11-21,D0248,liability,deposit,deposit,unassigned,match_funded,1,1.0,-113391.42,5.3,0.85,4.45,-14.02
2025-11-21,D0249,liability,deposit,deposit,unassigned,match_funded,446,1.0,-207468.02,4.5783,1.88,2.6983,-6935.52
2025-11-21,D0250,liability,deposit,deposit,td_corp,match_funded,318,1.0,-224623.97,4.7083,1.69,3.0183,-5988.91
2025-11-21,D0252,liability,deposit,deposit,unassigned,match_funded,1,1.0,-110789.69,5.3,3.31,1.99,-6.12
2025-11-21,D0253,liability,deposit,deposit,unassigned,match_funded,808,1.0,-169933.01,4.2889,0.81,3.4789,-13268.66
2025-11-21,D0254,liability,deposit,deposit,unassigned,match_funded,1,1.0,-246976.07,5.3,1.7,3.6,-24.7
2025-11-21,D0256,liability,deposit,deposit,unassigned,match_funded,1,1.0,-243187.36,5.3,2.19,3.11,-21.01
2025-11-21,D0258,liability,deposit,deposit,td_corp,match_funded,312,1.0,-146338.56,4.7167,0.46,4.2567,-5398.59
2025-11-21,D0259,liability,deposit,deposit,td_corp,match_funded,661,1.0,-287720.45,4.3992,3.02,1.3792,-7285.95
2025-11-21,D0260,liability,deposit,deposit,unassigned,match_funded,326,1.0,-185344.55,4.6972,1.51,3.1872,-5349.43
2025-11-21,D0263,liability,deposit,deposit,unassigned,match_funded,501,1.0,-134921.3,4.5325,1.98,2.5525,-4792.71
2025-11-21,D0264,liability,deposit,deposit,unassigned,match_funded,191,1.0,-159902.22,4.8847,0.09,4.7947,-4067.7
2025-11-21,D0265,liability,deposit,deposit,unassigned,match_funded,989,1.0,-117024.47,4.1632,1.76,2.4032,-7726.08
2025-11-21,D0268,liability,deposit,deposit,unassigned,match_funded,114,1.0,-184116.14,5.01,1.5,3.51,-2046.45
2025-11-21,D0269,liability,deposit,deposit,unassigned,match_funded,107,1.0,-271811.05,5.0217,1.1,3.9217,-3168.25
2025-11-21,D0271,liability,deposit,deposit,unassigned,match_funded,1,1.0,-244971.49,5.3,1.02,4.28,-29.12
2025-11-21,D0273,liability,deposit,deposit,unassigned,match_funded,1,1.0,-200903.93,5.3,1.13,4.17,-23.27
2025-11-21,D0274,liability,deposit,deposit,unassigned,match_funded,364,1.0,-224855.48,4.6467,3.18,1.4667,-3334.52
2025-11-21,D0275,liability,deposit,deposit,unassigned,match_funded,949,1.0,-180716.54,4.191,0.4,3.791,-18059.77
2025-11-21,D0276,liability,deposit,deposit,unassigned,match_funded,1076,1.0,-216618.9,4.1028,2.48,1.6228,-10506.67
2025-11-21,D0279,liability,deposit,deposit,unassigned,match_funded,1050,1.0,-132801.23,4.1208,1.61,2.5108,-9725.38
2025-11-21,D0280,liability,deposit,deposit,unassigned,match_funded,1,1.0,-162056.01,5.3,3.09,2.21,-9.95
2025-11-21,D0281,liability,deposit,deposit,unassigned,match_funded,1,1.0,-263693.63,5.3,2.17,3.13,-22.93
2025-11-21,D0282,liability,deposit,deposit,unassigned,match_funded,1,1.0,-277347.68,5.3,1.04,4.26,-32.82
2025-11-21,D0284,liability,deposit,deposit,unassigned,match_funded,1,1.0,-260237.99,5.3,1.5,3.8,-27.47
2025-11-21,D0285,liability,deposit,deposit,td_corp,match_funded,252,1.0,-168339.88,4.8,2.14,2.66,-3134.49
2025-11-21,D0286,liability,deposit,deposit,td_corp,match_funded,1019,1.0,-191331.53,4.1424,3.46,0.6824,-3695.49
2025-11-21,D0288,liability,deposit,deposit,unassigned,match_funded,505,1.0,-280530.5,4.5292,2.83,1.6992,-6686.59
2025-11-21,D0289,liability,deposit,deposit,unassigned,match_funded,981,1.0,-133783.29,4.1687,0.41,3.7587,-13702.88
2025-11-21,D0290,liability,deposit,deposit,unassigned,match_funded,1,1.0,-249014.77,5.3,2.97,2.33,-16.12
2025-11-21,D0292,liability,deposit,deposit,unassigned,match_funded,1,1.0,-128248.46,5.3,2.54,2.76,-9.83
2025-11-21,D0293,liability,deposit,deposit,td_corp,match_funded,347,1.0,-190751.57,4.6681,0.48,4.1881,-7700.3
2025-11-21,D0294,liability,deposit,deposit,td_corp,match_funded,876,1.0,-166119.29,4.2417,1.62,2.6217,-10597.4
2025-11-21,D0295,liability,deposit,deposit,unassigned,match_funded,675,1.0,-130988.97,4.3875,1.98,2.4075,-5912.92
2025-11-21,D0296,liability,deposit,deposit,unassigned,match_funded,1,1.0,-174162.18,5.3,2.02,3.28,-15.87
2025-11-21,D0299,liability,deposit,deposit,unassigned,match_funded,1,1.0,-193255.96,5.3,2.72,2.58,-13.85
2025-11-21,D0300,liability,deposit,deposit,unassigned,match_funded,1,1.0,-263978.69,5.3,1.09,4.21,-30.87
2025-11-21,D0302,liability,deposit,deposit,unassigned,match_funded,1,1.0,-255821.1,5.3,2.68,2.62,-18.62
2025-11-21,D0303,liability,deposit,deposit,unassigned,match_funded,1,1.0,-164334.88,5.3,2.7,2.6,-11.87
2025-11-21,D0304,liability,deposit,deposit,unassigned,match_funded,1,1.0,-237121.17,5.3,1.9,3.4,-22.39
2025-11-21,D0306,liability,deposit,deposit,unassigned,match_funded,942,1.0,-148124.45,4.1958,2.47,1.7258,-6689.2
2025-11-21,D0307,liability,deposit,deposit,unassigned,match_funded,1,1.0,-264722.22,5.3,2.86,2.44,-17.94
2025-11-21,D0308,liability,deposit,deposit,unassigned,match_funded,1,1.0,-136002.73,5.3,1.63,3.67,-13.86
2025-11-21,D0310,liability,deposit,deposit,unassigned,match_funded,289,1.0,-285045.96,4.7486,2.69,2.0586,-4710.69
2025-11-21,D0311,liability,deposit,deposit,unassigned,match_funded,696,1.0,-181060.61,4.37,2.79,1.58,-5530.8
2025-11-21,D0312,liability,deposit,deposit,unassigned,match_funded,849,1.0,-117942.33,4.2604,1.86,2.4004,-6676.69
2025-11-21,D0316,liability,deposit,deposit,unassigned,match_funded,1,1.0,-282082.93,5.3,1.73,3.57,-27.97
2025-11-21,D0318,liability,deposit,deposit,unassigned,match_funded,1,1.0,-210086.68,5.3,2.51,2.79,-16.28
2025-11-21,D0319,liability,deposit,deposit,unassigned,match_funded,1,1.0,-209026.6,5.3,3.15,2.15,-12.48
2025-11-21,D0320,liability,deposit,deposit,unassigned,match_funded,1,1.0,-126261.56,5.3,2.19,3.11,-10.91
2025-11-21,D0321,liability,deposit,deposit,unassigned,match_funded,1,1.0,-127566.86,5.3,2.95,2.35,-8.33
2025-11-21,D0322,liability,deposit,deposit,unassigned,match_funded,1,1.0,-253315.38,5.3,3.1,2.2,-15.48
2025-11-21,D0323,liability,deposit,deposit,td_corp,match_funded,959,1.0,-131119.19,4.184,2.18,2.004,-6999.81
2025-11-21,D0324,liability,deposit,deposit,unassigned,match_funded,1,1.0,-120253.84,5.3,1.35,3.95,-13.19
2025-11-21,D0325,liability,deposit,deposit,unassigned,match_funded,1,1.0,-250980.02,5.3,1.44,3.86,-26.91
2025-11-21,D0326,liability,deposit,deposit,unassigned,match_funded,1,1.0,-149445.24,5.3,2.56,2.74,-11.37
2025-11-21,D0327,liability,deposit,deposit,unassigned,match_funded,668,1.0,-145055.21,4.3933,0.27,4.1233,-11098.28
2025-11-21,D0329,liability,deposit,deposit,td_corp,match_funded,651,1.0,-233773.54,4.4075,0.59,3.8175,-16138.12
2025-11-21,D0330,liability,deposit,deposit,td_corp,match_funded,998,1.0,-279443.71,4.1569,0.21,3.9469,-30576.19
2025-11-21,D0331,liability,deposit,deposit,unassigned,match_funded,626,1.0,-124319.48,4.4283,2.3,2.1283,-4600.98
2025-11-21,D0332,liability,deposit,deposit,unassigned,match_funded,288,1.0,-215568.96,4.75,1.7,3.05,-5259.88
2025-11-21,D0334,liability,deposit,deposit,unassigned,match_funded,1,1.0,-122674.3,5.3,1.56,3.74,-12.74
2025-11-21,D0339,liability,deposit,deposit,unassigned,match_funded,1,1.0,-125762.38,5.3,0.93,4.37,-15.27
2025-11-21,D0340,liability,deposit,deposit,unassigned,match_funded,1,1.0,-263032.4,5.3,2.37,2.93,-21.41
2025-11-21,D0341,liability,deposit,deposit,unassigned,match_funded,1,1.0,-256055.6,5.3,1.23,4.07,-28.95
2025-11-21,D0342,liability,deposit,deposit,unassigned,match_funded,1,1.0,-131314.46,5.3,2.23,3.07,-11.2
2025-11-21,D0343,liability,deposit,deposit,td_corp,match_funded,985,1.0,-280298.95,4.166,0.89,3.276,-25124.38
2025-11-21,D0346,liability,deposit,deposit,unassigned,match_funded,1,1.0,-187769.1,5.3,1.89,3.41,-17.79
2025-11-21,D0347,liability,deposit,deposit,unassigned,match_funded,1,1.0,-240706.24,5.3,2.72,2.58,-17.25
2025-11-21,D0348,liability,deposit,deposit,td_corp,match_funded,830,1.0,-199213.47,4.2736,1.15,3.1236,-14346.67
2025-11-21,D0351,liability,deposit,deposit,unassigned,match_funded,622,1.0,-173372.66,4.4317,2.66,1.7717,-5307.02
2025-11-21,D0352,liability,deposit,deposit,unassigned,match_funded,815,1.0,-274123.97,4.284,0.14,4.144,-25717.26
2025-11-21,D0353,liability,deposit,deposit,unassigned,match_funded,247,1.0,-159021.95,4.8069,1.37,3.4369,-3749.94
2025-11-21,D0354,liability,deposit,deposit,unassigned,match_funded,925,1.0,-190105.42,4.2076,0.3,3.9076,-19087.46
2025-11-21,D0356,liability,deposit,deposit,unassigned,match_funded,1,1.0,-220655.56,5.3,0.13,5.17,-31.69
2025-11-21,D0357,liability,deposit,deposit,unassigned,match_funded,1,1.0,-221177.27,5.3,0.52,4.78,-29.37
2025-11-21,D0358,liability,deposit,deposit,unassigned,match_funded,1,1.0,-226684.31,5.3,2.45,2.85,-17.95
2025-11-21,D0360,liability,deposit,deposit,unassigned,match_funded,1,1.0,-269484.85,5.3,2.37,2.93,-21.93
2025-11-21,D0362,liability,deposit,deposit,unassigned,match_funded,1,1.0,-124988.68,5.3,2.14,3.16,-10.97
2025-11-21,D0363,liability,deposit,deposit,unassigned,match_funded,1003,1.0,-178656.3,4.1535,1.46,2.6935,-13406.93
2025-11-21,D0365,liability,deposit,deposit,unassigned,match_funded,1,1.0,-225843.59,5.3,3.33,1.97,-12.36
2025-11-21,D0368,liability,deposit,deposit,unassigned,match_funded,1,1.0,-289714.45,5.3,1.17,4.13,-33.24
2025-11-21,D0369,liability,deposit,deposit,td_corp,match_funded,510,1.0,-207851.77,4.525,0.25,4.275,-12588.02
2025-11-21,D0370,liability,deposit,deposit,unassigned,match_funded,436,1.0,-112595.33,4.5867,1.14,3.4467,-4700.06
2025-11-21,D0371,liability,deposit,deposit,unassigned,match_funded,1,1.0,-178562.3,5.3,2.73,2.57,-12.75
2025-11-21,D0373,liability,deposit,deposit,unassigned,match_funded,1,1.0,-196225.26,5.3,0.68,4.62,-25.18
2025-11-21,D0374,liability,deposit,deposit,unassigned,match_funded,1,1.0,-251066.37,5.3,1.61,3.69,-25.73
2025-11-21,D0376,liability,deposit,deposit,unassigned,match_funded,905,1.0,-211849.11,4.2215,0.05,4.1715,-22216.1
2025-11-21,D0377,liability,deposit,deposit,td_corp,match_funded,484,1.0,-167495.29,4.5467,1.15,3.3967,-7648.89
2025-11-21,D0378,liability,deposit,deposit,unassigned,match_funded,1,1.0,-158195.73,5.3,1.46,3.84,-16.87
2025-11-21,D0379,liability,deposit,deposit,unassigned,match_funded,1,1.0,-113782.66,5.3,1.58,3.72,-11.76
2025-11-21,D0382,liability,deposit,deposit,unassigned,match_funded,1,1.0,-256383.13,5.3,0.11,5.19,-36.96
2025-11-21,D0383,liability,deposit,deposit,unassigned,match_funded,1,1.0,-160103.48,5.3,1.27,4.03,-17.92
2025-11-21,D0384,liability,deposit,deposit,unassigned,match_funded,1,1.0,-256013.2,5.3,1.96,3.34,-23.75
2025-11-21,D0386,liability,deposit,deposit,unassigned,match_funded,1055,1.0,-174006.87,4.1174,1.58,2.5374,-12938.94
2025-11-21,D0388,liability,deposit,deposit,unassigned,match_funded,1,1.0,-151348.82,5.3,3.14,2.16,-9.08
2025-11-21,D0392,liability,deposit,deposit,unassigned,match_funded,1,1.0,-206040.32,5.3,1.69,3.61,-20.66
2025-11-21,D0393,liability,deposit,deposit,td_corp,match_funded,388,1.0,-252847.84,4.6267,1.0,3.6267,-9883.17
2025-11-21,D0394,liability,deposit,deposit,unassigned,match_funded,1,1.0,-243001.53,5.3,0.56,4.74,-32.0
2025-11-21,D0397,liability,deposit,deposit,unassigned,match_funded,330,1.0,-213673.99,4.6917,3.14,1.5517,-3039.22
2025-11-21,D0398,liability,deposit,deposit,unassigned,match_funded,1,1.0,-287638.46,5.3,2.41,2.89,-23.09
2025-11-21,D0399,liability,deposit,deposit,unassigned,match_funded,1,1.0,-179639.03,5.3,1.25,4.05,-20.21
2025-11-21,D0400,liability,deposit,deposit,unassigned,match_funded,941,1.0,-279013.16,4.1965,1.88,2.3165,-16894.65
2025-11-21,W001,liability,wholesale,wholesale,wholesale_all,match_funded,775,1.0,-449825.79,4.3118,4.1,0.2118,-2051.07
2025-11-21,W002,liability,wholesale,wholesale,wholesale_all,match_funded,648,1.0,-498127.35,4.41,3.64,0.77,-6904.05
2025-11-21,W003,liability,wholesale,wholesale,wholesale_all,match_funded,369,1.0,-554810.0,4.6425,4.27,0.3725,-2118.33
2025-11-21,W004,liability,wholesale,wholesale,wholesale_all,match_funded,1774,1.0,-508734.23,3.7608,3.96,-0.1992,4992.97
2025-11-21,W005,liability,wholesale,wholesale,wholesale_all,match_funded,1038,1.0,-279648.88,4.1292,4.24,-0.1108,893.67
2025-11-21,W006,liability,wholesale,wholesale,wholesale_all,match_funded,1400,1.0,-586793.11,3.9222,3.2,0.7222,-16480.92
2025-11-21,W007,liability,wholesale,wholesale,wholesale_all,match_funded,943,1.0,-451402.14,4.1951,5.57,-1.3749,16256.67
2025-11-21,W008,liability,wholesale,wholesale,wholesale_all,match_funded,1655,1.0,-611535.58,3.8104,2.11,1.7004,-47804.92
2025-11-21,W009,liability,wholesale,wholesale,wholesale_all,match_funded,1073,1.0,-466531.3,4.1049,3.45,0.6549,-9105.99
2025-11-21,W010,liability,wholesale,wholesale,wholesale_all,match_funded,1510,1.0,-445646.01,3.8708,3.9,-0.0292,545.19
2025-11-21,W011,liability,wholesale,wholesale,wholesale_all,match_funded,620,1.0,-257592.29,4.4333,2.07,2.3633,-10484.48
2025-11-21,W012,liability,wholesale,wholesale,wholesale_all,match_funded,1508,1.0,-424929.42,3.8717,3.84,0.0317,-563.66
2025-11-21,W013,liability,wholesale,wholesale,wholesale_all,match_funded,1392,1.0,-406404.33,3.9267,3.44,0.4867,-7647.63
2025-11-21,W014,liability,wholesale,wholesale,wholesale_all,match_funded,246,1.0,-475551.5,4.8083,4.56,0.2483,-806.98
2025-11-21,W015,liability,wholesale,wholesale,wholesale_all,match_funded,1630,1.0,-533617.41,3.8208,2.38,1.4408,-34811.99
2025-11-21,W016,liability,wholesale,wholesale,wholesale_all,match_funded,1491,1.0,-359939.22,3.8788,5.31,-1.4312,21336.33
2025-11-21,W017,liability,wholesale,wholesale,wholesale_all,match_funded,1183,1.0,-697958.35,4.0428,3.45,0.5928,-13595.77
2025-11-21,W018,liability,wholesale,wholesale,wholesale_all,match_funded,852,1.0,-624392.25,4.2583,4.07,0.1883,-2783.06
2025-11-21,W019,liability,wholesale,wholesale,wholesale_all,match_funded,535,1.0,-460480.79,4.5042,2.65,1.8542,-12688.54
2025-11-21,W020,liability,wholesale,wholesale,wholesale_all,match_funded,1233,1.0,-474006.68,4.015,5.18,-1.165,18913.46
2025-11-21,W021,liability,wholesale,wholesale,wholesale_all,match_funded,1527,1.0,-333835.12,3.8638,4.85,-0.9862,13965.47
2025-11-21,W022,liability,wholesale,wholesale,wholesale_all,match_funded,357,1.0,-617589.21,4.6542,2.47,2.1842,-13376.77
2025-11-21,W023,liability,wholesale,wholesale,wholesale_all,match_funded,1762,1.0,-702946.7,3.7658,3.45,0.3158,-10866.35
2025-11-21,W024,liability,wholesale,wholesale,wholesale_all,match_funded,1542,1.0,-617893.4,3.8575,3.37,0.4875,-12902.39
2025-11-21,W025,liability,wholesale,wholesale,wholesale_all,match_funded,1510,1.0,-459768.66,3.8708,2.89,0.9808,-18915.12
2025-11-21,W026,liability,wholesale,wholesale,wholesale_all,match_funded,249,1.0,-671658.85,4.8042,2.84,1.9642,-9124.81
2025-11-21,W027,liability,wholesale,wholesale,wholesale_all,match_funded,1640,1.0,-552176.61,3.8167,5.1,-1.2833,32281.88
2025-11-21,W028,liability,wholesale,wholesale,wholesale_all,match_funded,1140,1.0,-323700.7,4.0667,5.17,-1.1033,11309.74
2025-11-21,W029,liability,wholesale,wholesale,wholesale_all,match_funded,224,1.0,-403963.04,4.8389,3.01,1.8289,-4597.0
2025-11-21,W030,liability,wholesale,wholesale,wholesale_all,match_funded,1321,1.0,-748541.08,3.9661,5.13,-1.1639,31968.88
2025-11-21,,asset,cash,asset,asset_cash,overnight,1,1.0,5000000.0,5.3,0.0,5.3,736.11
2025-11-21,,asset,loan,asset,loan_mortgage,ladder,30,0.011905,162373.24,5.2,4.9075,0.2925,39.58
2025-11-21,,asset,loan,asset,loan_mortgage,ladder,60,0.011905,162373.24,5.125,4.9075,0.2175,58.86
2025-11-21,,asset,loan,asset,loan_mortgage,ladder,90,0.011905,162373.24,5.05,4.9075,0.1425,57.85
2025-11-21,,asset,loan,asset,loan_mortgage,ladder,120,0.011905,162373.24,5.0,4.9075,0.0925,50.07
2025-11-21,,asset,loan,asset,loan_mortgage,ladder,150,0.011905,162373.24,4.95,4.9075,0.0425,28.76
2025-11-21,,asset,loan,asset,loan_mortgage,ladder,180,0.011905,162373.24,4.9,4.9075,-0.0075,-6.08
2025-11-21,,asset,loan,asset,loan_mortgage,ladder,210,0.011905,162373.24,4.8583,4.9075,-0.0492,-46.56
2025-11-21,,asset,loan,asset,loan_mortgage,ladder,240,0.011905,162373.24,4.8167,4.9075,-0.0908,-98.31
2025-11-21,,asset,loan,asset,loan_mortgage,ladder,270,0.011905,162373.24,4.775,4.9075,-0.1325,-161.34
2025-11-21,,asset,loan,asset,loan_mortgage,ladder,300,0.011905,162373.24,4.7333,4.9075,-0.1742,-235.65
2025-11-21,,asset,loan,asset,loan_mortgage,ladder,330,0.011905,162373.24,4.6917,4.9075,-0.2158,-321.23
2025-11-21,,asset,loan,asset,loan_mortgage,ladder,360,0.011905,162373.24,4.65,4.9075,-0.2575,-418.09
2025-11-21,,asset,loan,asset,loan_mortgage,ladder,390,0.011905,162373.24,4.625,4.9075,-0.2825,-496.91
2025-11-21,,asset,loan,asset,loan_mortgage,ladder,420,0.011905,162373.24,4.6,4.9075,-0.3075,-582.49
2025-11-21,,asset,loan,asset,loan_mortgage,ladder,450,0.011905,162373.24,4.575,4.9075,-0.3325,-674.84
2025-11-21,,asset,loan,asset,loan_mortgage,ladder,480,0.011905,162373.24,4.55,4.9075,-0.3575,-773.95
2025-11-21,,asset,loan,asset,loan_mortgage,ladder,510,0.011905,162373.24,4.525,4.9075,-0.3825,-879.83
2025-11-21,,asset,loan,asset,loan_mortgage,ladder,540,0.011905,162373.24,4.5,4.9075,-0.4075,-992.48
2025-11-21,,asset,loan,asset,loan_mortgage,ladder,570,0.011905,162373.24,4.475,4.9075,-0.4325,-1111.89
2025-11-21,,asset,loan,asset,loan_mortgage,ladder,600,0.011905,162373.24,4.45,4.9075,-0.4575,-1238.06
2025-11-21,,asset,loan,asset,loan_mortgage,ladder,630,0.011905,162373.24,4.425,4.9075,-0.4825,-1371.0
2025-11-21,,asset,loan,asset,loan_mortgage,ladder,660,0.011905,162373.24,4.4,4.9075,-0.5075,-1510.71
2025-11-21,,asset,loan,asset,loan_mortgage,ladder,690,0.011905,162373.24,4.375,4.9075,-0.5325,-1657.18
2025-11-21,,asset,loan,asset,loan_mortgage,ladder,720,0.011905,162373.24,4.35,4.9075,-0.5575,-1810.42
2025-11-21,,asset,loan,asset,loan_mortgage,ladder,750,0.011905,162373.24,4.3292,4.9075,-0.5783,-1956.33
2025-11-21,,asset,loan,asset,loan_mortgage,ladder,780,0.011905,162373.24,4.3083,4.9075,-0.5992,-2107.88
2025-11-21,,asset,loan,asset,loan_mortgage,ladder,810,0.011905,162373.24,4.2875,4.9075,-0.62,-2265.06
2025-11-21,,asset,loan,asset,loan_mortgage,ladder,840,0.011905,162373.24,4.2667,4.9075,-0.6408,-2427.88
2025-11-21,,asset,loan,asset,loan_mortgage,ladder,870,0.011905,162373.24,4.2458,4.9075,-0.6617,-2596.34
2025-11-21,,asset,loan,asset,loan_mortgage,ladder,900,0.011905,162373.24,4.225,4.9075,-0.6825,-2770.44
2025-11-21,,asset,loan,asset,loan_mortgage,ladder,930,0.011905,162373.24,4.2042,4.9075,-0.7033,-2950.18
2025-11-21,,asset,loan,asset,loan_mortgage,ladder,960,0.011905,162373.24,4.1833,4.9075,-0.7242,-3135.55
2025-11-21,,asset,loan,asset,loan_mortgage,ladder,990,0.011905,162373.24,4.1625,4.9075,-0.745,-3326.56
2025-11-21,,asset,loan,asset,loan_mortgage,ladder,1020,0.011905,162373.24,4.1417,4.9075,-0.7658,-3523.21
2025-11-21,,asset,loan,asset,loan_mortgage,ladder,1050,0.011905,162373.24,4.1208,4.9075,-0.7867,-3725.5
2025-11-21,,asset,loan,asset,loan_mortgage,ladder,1080,0.011905,162373.24,4.1,4.9075,-0.8075,-3933.43
2025-11-21,,asset,loan,asset,loan_mortgage,ladder,1110,0.011905,162373.24,4.0833,4.9075,-0.8242,-4126.13
2025-11-21,,asset,loan,asset,loan_mortgage,ladder,1140,0.011905,162373.24,4.0667,4.9075,-0.8408,-4323.35
2025-11-21,,asset,loan,asset,loan_mortgage,ladder,1170,0.011905,162373.24,4.05,4.9075,-0.8575,-4525.07
2025-11-21,,asset,loan,asset,loan_mortgage,ladder,1200,0.011905,162373.24,4.0333,4.9075,-0.8742,-4731.31
2025-11-21,,asset,loan,asset,loan_mortgage,ladder,1230,0.011905,162373.24,4.0167,4.9075,-0.8908,-4942.05
2025-11-21,,asset,loan,asset,loan_mortgage,ladder,1260,0.011905,162373.24,4.0,4.9075,-0.9075,-5157.31
2025-11-21,,asset,loan,asset,loan_mortgage,ladder,1290,0.011905,162373.24,3.9833,4.9075,-0.9242,-5377.07
2025-11-21,,asset,loan,asset,loan_mortgage,ladder,1320,0.011905,162373.24,3.9667,4.9075,-0.9408,-5601.35
2025-11-21,,asset,loan,asset,loan_mortgage,ladder,1350,0.011905,162373.24,3.95,4.9075,-0.9575,-5830.14
2025-11-21,,asset,loan,asset,loan_mortgage,ladder,1380,0.011905,162373.24,3.9333,4.9075,-0.9742,-6063.43
2025-11-21,,asset,loan,asset,loan_mortgage,ladder,1410,0.011905,162373.24,3.9167,4.9075,-0.9908,-6301.24
2025-11-21,,asset,loan,asset,loan_mortgage,ladder,1440,0.011905,162373.24,3.9,4.9075,-1.0075,-6543.56
2025-11-21,,asset,loan,asset,loan_mortgage,ladder,1470,0.011905,162373.24,3.8875,4.9075,-1.02,-6762.76
2025-11-21,,asset,loan,asset,loan_mortgage,ladder,1500,0.011905,162373.24,3.875,4.9075,-1.0325,-6985.35
2025-11-21,,asset,loan,asset,loan_mortgage,ladder,1530,0.011905,162373.24,3.8625,4.9075,-1.045,-7211.31
2025-11-21,,asset,loan,asset,loan_mortgage,ladder,1560,0.011905,162373.24,3.85,4.9075,-1.0575,-7440.66
2025-11-21,,asset,loan,asset,loan_mortgage,ladder,1590,0.011905,162373.24,3.8375,4.9075,-1.07,-7673.4
2025-11-21,,asset,loan,asset,loan_mortgage,ladder,1620,0.011905,162373.24,3.825,4.9075,-1.0825,-7909.51
2025-11-21,,asset,loan,asset,loan_mortgage,ladder,1650,0.011905,162373.24,3.8125,4.9075,-1.095,-8149.01
2025-11-21,,asset,loan,asset,loan_mortgage,ladder,1680,0.011905,162373.24,3.8,4.9075,-1.1075,-8391.89
2025-11-21,,asset,loan,asset,loan_mortgage,ladder,1710,0.011905,162373.24,3.7875,4.9075,-1.12,-8638.16
2025-11-21,,asset,loan,asset,loan_mortgage,ladder,1740,0.011905,162373.24,3.775,4.9075,-1.1325,-8887.8
2025-11-21,,asset,loan,asset,loan_mortgage,ladder,1770,0.011905,162373.24,3.7625,4.9075,-1.145,-9140.83
2025-11-21,,asset,loan,asset,loan_mortgage,ladder,1800,0.011905,162373.24,3.75,4.9075,-1.1575,-9397.25
2025-11-21,,asset,loan,asset,loan_mortgage,ladder,1830,0.011905,162373.24,3.7417,4.9075,-1.1658,-9622.65
2025-11-21,,asset,loan,asset,loan_mortgage,ladder,1860,0.011905,162373.24,3.7333,4.9075,-1.1742,-9850.31
2025-11-21,,asset,loan,asset,loan_mortgage,ladder,1890,0.011905,162373.24,3.725,4.9075,-1.1825,-10080.22
2025-11-21,,asset,loan,asset,loan_mortgage,ladder,1920,0.011905,162373.24,3.7167,4.9075,-1.1908,-10312.39
2025-11-21,,asset,loan,asset,loan_mortgage,ladder,1950,0.011905,162373.24,3.7083,4.9075,-1.1992,-10546.82
2025-11-21,,asset,loan,asset,loan_mortgage,ladder,1980,0.011905,162373.24,3.7,4.9075,-1.2075,-10783.5
2025-11-21,,asset,loan,asset,loan_mortgage,ladder,2010,0.011905,162373.24,3.6917,4.9075,-1.2158,-11022.43
2025-11-21,,asset,loan,asset,loan_mortgage,ladder,2040,0.011905,162373.24,3.6833,4.9075,-1.2242,-11263.62
2025-11-21,,asset,loan,asset,loan_mortgage,ladder,2070,0.011905,162373.24,3.675,4.9075,-1.2325,-11507.07
2025-11-21,,asset,loan,asset,loan_mortgage,ladder,2100,0.011905,162373.24,3.6667,4.9075,-1.2408,-11752.77
2025-11-21,,asset,loan,asset,loan_mortgage,ladder,2130,0.011905,162373.24,3.6583,4.9075,-1.2492,-12000.73
2025-11-21,,asset,loan,asset,loan_mortgage,ladder,2160,0.011905,162373.24,3.65,4.9075,-1.2575,-12250.94
2025-11-21,,asset,loan,asset,loan_mortgage,ladder,2190,0.011905,162373.24,3.6417,4.9075,-1.2658,-12503.4
2025-11-21,,asset,loan,asset,loan_mortgage,ladder,2220,0.011905,162373.24,3.6333,4.9075,-1.2742,-12758.12
2025-11-21,,asset,loan,asset,loan_mortgage,ladder,2250,0.011905,162373.24,3.625,4.9075,-1.2825,-13015.1
2025-11-21,,asset,loan,asset,loan_mortgage,ladder,2280,0.011905,162373.24,3.6167,4.9075,-1.2908,-13274.33
2025-11-21,,asset,loan,asset,loan_mortgage,ladder,2310,0.011905,162373.24,3.6083,4.9075,-1.2992,-13535.82
2025-11-21,,asset,loan,asset,loan_mortgage,ladder,2340,0.011905,162373.24,3.6,4.9075,-1.3075,-13799.56
2025-11-21,,asset,loan,asset,loan_mortgage,ladder,2370,0.011905,162373.24,3.5917,4.9075,-1.3158,-14065.56
2025-11-21,,asset,loan,asset,loan_mortgage,ladder,2400,0.011905,162373.24,3.5833,4.9075,-1.3242,-14333.81
2025-11-21,,asset,loan,asset,loan_mortgage,ladder,2430,0.011905,162373.24,3.575,4.9075,-1.3325,-14604.32
2025-11-21,,asset,loan,asset,loan_mortgage,ladder,2460,0.011905,162373.24,3.5667,4.9075,-1.3408,-14877.08
2025-11-21,,asset,loan,asset,loan_mortgage,ladder,2490,0.011905,162373.24,3.5583,4.9075,-1.3492,-15152.1
2025-11-21,,asset,loan,asset,loan_mortgage,ladder,2520,0.011905,162373.24,3.55,4.9075,-1.3575,-15429.37
2025-11-21,,asset,loan,asset,loan_auto,ladder,30,0.027778,336896.7,5.2,5.0807,0.1193,33.48
2025-11-21,,asset,loan,asset,loan_auto,ladder,60,0.027778,336896.7,5.125,5.0807,0.0443,24.85
2025-11-21,,asset,loan,asset,loan_auto,ladder,90,0.027778,336896.7,5.05,5.0807,-0.0307,-25.89
2025-11-21,,asset,loan,asset,loan_auto,ladder,120,0.027778,336896.7,5.0,5.0807,-0.0807,-90.66
2025-11-21,,asset,loan,asset,loan_auto,ladder,150,0.027778,336896.7,4.95,5.0807,-0.1307,-183.52
2025-11-21,,asset,loan,asset,loan_auto,ladder,180,0.027778,336896.7,4.9,5.0807,-0.1807,-304.44
2025-11-21,,asset,loan,asset,loan_auto,ladder,210,0.027778,336896.7,4.8583,5.0807,-0.2224,-437.07
2025-11-21,,asset,loan,asset,loan_auto,ladder,240,0.027778,336896.7,4.8167,5.0807,-0.2641,-593.09
2025-11-21,,asset,loan,asset,loan_auto,ladder,270,0.027778,336896.7,4.775,5.0807,-0.3057,-772.51
2025-11-21,,asset,loan,asset,loan_auto,ladder,300,0.027778,336896.7,4.7333,5.0807,-0.3474,-975.32
2025-11-21,,asset,loan,asset,loan_auto,ladder,330,0.027778,336896.7,4.6917,5.0807,-0.3891,-1201.53
2025-11-21,,asset,loan,asset,loan_auto,ladder,360,0.027778,336896.7,4.65,5.0807,-0.4307,-1451.13
2025-11-21,,asset,loan,asset,loan_auto,ladder,390,0.027778,336896.7,4.625,5.0807,-0.4557,-1663.3
2025-11-21,,asset,loan,asset,loan_auto,ladder,420,0.027778,336896.7,4.6,5.0807,-0.4807,-1889.51
2025-11-21,,asset,loan,asset,loan_auto,ladder,450,0.027778,336896.7,4.575,5.0807,-0.5057,-2129.75
2025-11-21,,asset,loan,asset,loan_auto,ladder,480,0.027778,336896.7,4.55,5.0807,-0.5307,-2384.04
2025-11-21,,asset,loan,asset,loan_auto,ladder,510,0.027778,336896.7,4.525,5.0807,-0.5557,-2652.36
2025-11-21,,asset,loan,asset,loan_auto,ladder,540,0.027778,336896.7,4.5,5.0807,-0.5807,-2934.71
2025-11-21,,asset,loan,asset,loan_auto,ladder,570,0.027778,336896.7,4.475,5.0807,-0.6057,-3231.11
2025-11-21,,asset,loan,asset,loan_auto,ladder,600,0.027778,336896.7,4.45,5.0807,-0.6307,-3541.54
2025-11-21,,asset,loan,asset,loan_auto,ladder,630,0.027778,336896.7,4.425,5.0807,-0.6557,-3866.01
2025-11-21,,asset,loan,asset,loan_auto,ladder,660,0.027778,336896.7,4.4,5.0807,-0.6807,-4204.52
2025-11-21,,asset,loan,asset,loan_auto,ladder,690,0.027778,336896.7,4.375,5.0807,-0.7057,-4557.06
2025-11-21,,asset,loan,asset,loan_auto,ladder,720,0.027778,336896.7,4.35,5.0807,-0.7307,-4923.64
2025-11-21,,asset,loan,asset,loan_auto,ladder,750,0.027778,336896.7,4.3292,5.0807,-0.7516,-5275.02
2025-11-21,,asset,loan,asset,loan_auto,ladder,780,0.027778,336896.7,4.3083,5.0807,-0.7724,-5638.09
2025-11-21,,asset,loan,asset,loan_auto,ladder,810,0.027778,336896.7,4.2875,5.0807,-0.7932,-6012.86
2025-11-21,,asset,loan,asset,loan_auto,ladder,840,0.027778,336896.7,4.2667,5.0807,-0.8141,-6399.32
2025-11-21,,asset,loan,asset,loan_auto,ladder,870,0.027778,336896.7,4.2458,5.0807,-0.8349,-6797.49
2025-11-21,,asset,loan,asset,loan_auto,ladder,900,0.027778,336896.7,4.225,5.0807,-0.8557,-7207.35
2025-11-21,,asset,loan,asset,loan_auto,ladder,930,0.027778,336896.7,4.2042,5.0807,-0.8766,-7628.91
2025-11-21,,asset,loan,asset,loan_auto,ladder,960,0.027778,336896.7,4.1833,5.0807,-0.8974,-8062.17
2025-11-21,,asset,loan,asset,loan_auto,ladder,990,0.027778,336896.7,4.1625,5.0807,-0.9182,-8507.13
2025-11-21,,asset,loan,asset,loan_auto,ladder,1020,0.027778,336896.7,4.1417,5.0807,-0.9391,-8963.78
2025-11-21,,asset,loan,asset,loan_auto,ladder,1050,0.027778,336896.7,4.1208,5.0807,-0.9599,-9432.14
2025-11-21,,asset,loan,asset,loan_auto,ladder,1080,0.027778,336896.7,4.1,5.0807,-0.9807,-9912.19
2025-11-21,,liability,deposit,deposit,nmd_sme_mid,overnight,1,0.25,-4113762.26,5.3,1.6824,3.6176,-413.39
2025-11-21,,liability,deposit,deposit,nmd_sme_mid,ladder,30,0.0625,-1028440.56,5.2,1.6824,3.5176,-3014.73
2025-11-21,,liability,deposit,deposit,nmd_sme_mid,ladder,60,0.0625,-1028440.56,5.125,1.6824,3.4426,-5900.9
2025-11-21,,liability,deposit,deposit,nmd_sme_mid,ladder,90,0.0625,-1028440.56,5.05,1.6824,3.3676,-8658.52
2025-11-21,,liability,deposit,deposit,nmd_sme_mid,ladder,120,0.0625,-1028440.56,5.0,1.6824,3.3176,-11373.28
2025-11-21,,liability,deposit,deposit,nmd_sme_mid,ladder,150,0.0625,-1028440.56,4.95,1.6824,3.2676,-14002.35
2025-11-21,,liability,deposit,deposit,nmd_sme_mid,ladder,180,0.0625,-1028440.56,4.9,1.6824,3.2176,-16545.71
2025-11-21,,liability,deposit,deposit,nmd_sme_mid,ladder,210,0.0625,-1028440.56,4.8583,1.6824,3.176,-19053.35
2025-11-21,,liability,deposit,deposit,nmd_sme_mid,ladder,240,0.0625,-1028440.56,4.8167,1.6824,3.1343,-21489.58
2025-11-21,,liability,deposit,deposit,nmd_sme_mid,ladder,270,0.0625,-1028440.56,4.775,1.6824,3.0926,-23854.39
2025-11-21,,liability,deposit,deposit,nmd_sme_mid,ladder,300,0.0625,-1028440.56,4.7333,1.6824,3.051,-26147.79
2025-11-21,,liability,deposit,deposit,nmd_sme_mid,ladder,330,0.0625,-1028440.56,4.6917,1.6824,3.0093,-28369.76
2025-11-21,,liability,deposit,deposit,nmd_sme_mid,ladder,360,0.0625,-1028440.56,4.65,1.6824,2.9676,-30520.31
2025-11-21,,liability,deposit,deposit,nmd_retail_volatile,overnight,1,0.5,-4256056.08,5.3,2.1207,3.1793,-375.87
2025-11-21,,liability,deposit,deposit,nmd_retail_volatile,ladder,30,0.083333,-709342.68,5.2,2.1207,3.0793,-1820.22
2025-11-21,,liability,deposit,deposit,nmd_retail_volatile,ladder,60,0.083333,-709342.68,5.125,2.1207,3.0043,-3551.76
2025-11-21,,liability,deposit,deposit,nmd_retail_volatile,ladder,90,0.083333,-709342.68,5.05,2.1207,2.9293,-5194.65
2025-11-21,,liability,deposit,deposit,nmd_retail_volatile,ladder,120,0.083333,-709342.68,5.0,2.1207,2.8793,-6807.97
2025-11-21,,liability,deposit,deposit,nmd_retail_volatile,ladder,150,0.083333,-709342.68,4.95,2.1207,2.8293,-8362.18
2025-11-21,,liability,deposit,deposit,nmd_retail_volatile,ladder,180,0.083333,-709342.68,4.9,2.1207,2.7793,-9857.28
